[
  {
    "Name": "TRAMADOL HYDROCHLORIDE",
    "Price": 516.48,
    "Seller": "Marie Williamson"
  },
  {
    "Name": "Allopurinol",
    "Price": 518.50,
    "Seller": "Chris Mitchell"
  },
  {
    "Name": "Parsley",
    "Price": 519.06,
    "Seller": "Carl Lawson"
  },
  {
    "Name": "equaline",
    "Price": 520.45,
    "Seller": "Emily Parker"
  },
  {
    "Name": "Extra Strength Pain Reliever PM",
    "Price": 542.72,
    "Seller": " Baker"
  },
  {
    "Name": "Propranolol Hydrochloride",
    "Price": 546.95,
    "Seller": "Christina Patterson"
  },
  {
    "Name": "Prednisone",
    "Price": 550.72,
    "Seller": " Cunningham"
  },
  {
    "Name": "TERSI",
    "Price": 554.91,
    "Seller": " Thompson"
  },
  {
    "Name": "DAYWEAR PLUS MULTI PROTECTION TINTED MOISTURIZER",
    "Price": 555.12,
    "Seller": "Emily Parker"
  },
  {
    "Name": "PLANTAGO LANCEOLATA POLLEN",
    "Price": 561.68,
    "Seller": "Benjamin Henry"
  },
  {
    "Name": "Echinacea Quartz Gum Support",
    "Price": 570.08,
    "Seller": "Bonnie Fox"
  },
  {
    "Name": "Topiramate",
    "Price": 578.77,
    "Seller": "Rachel Johnson"
  },
  {
    "Name": "AIR",
    "Price": 581.69,
    "Seller": "Clarence Fowler"
  },
  {
    "Name": "Agaricus Equisetum Special Order",
    "Price": 585.93,
    "Seller": "Thomas Snyder"
  },
  {
    "Name": "Gemcitabine",
    "Price": 594.79,
    "Seller": "Betty Lawson"
  },
  {
    "Name": "Ketorolac Tromethamine",
    "Price": 608.18,
    "Seller": "Wanda Harris"
  },
  {
    "Name": "Pleo Ginkgo",
    "Price": 613.65,
    "Seller": "Brandon Fuller"
  },
  {
    "Name": "Diastat",
    "Price": 614.14,
    "Seller": " Thompson"
  },
  {
    "Name": "No7 Protect and Perfect Foundation Sunscreen Broad Spectrum SPF 15 Cool Ivory",
    "Price": 616.19,
    "Seller": "Anna Clark"
  },
  {
    "Name": "Glipizide",
    "Price": 621.78,
    "Seller": " Thompson"
  },
  {
    "Name": "AMARANTHUS PALMERI POLLEN",
    "Price": 623.16,
    "Seller": "Diana Harvey"
  },
  {
    "Name": "Foaming Hand Sanitizer",
    "Price": 624.72,
    "Seller": "Arthur Reynolds"
  },
  {
    "Name": "ziprasidone hydrochloride",
    "Price": 628.66,
    "Seller": "Sarah Day"
  },
  {
    "Name": "AVANDAMET",
    "Price": 632.08,
    "Seller": "Brenda Howell"
  },
  {
    "Name": "Imipramine Hydrochloride",
    "Price": 648.69,
    "Seller": "Carl Daniels"
  },
  {
    "Name": "Childrens Allegra Allergy",
    "Price": 650.97,
    "Seller": " Stewart"
  },
  {
    "Name": "Strattera",
    "Price": 658.54,
    "Seller": " Moreno"
  },
  {
    "Name": "Amitiza",
    "Price": 666.58,
    "Seller": "Marie Williamson"
  },
  {
    "Name": "ENBREL",
    "Price": 673.97,
    "Seller": "Sandra Riley"
  },
  {
    "Name": "Ampicillin",
    "Price": 674.63,
    "Seller": "Jeremy Woods"
  },
  {
    "Name": "PRIMAXIN",
    "Price": 686.66,
    "Seller": "Joshua Murray"
  },
  {
    "Name": "CLARINS Ever Matte SPF 15 - 105 Nude",
    "Price": 696.06,
    "Seller": "Betty Ward"
  },
  {
    "Name": "CALMING DIAPER RASH",
    "Price": 700.92,
    "Seller": "Anna Clark"
  },
  {
    "Name": "Acnezzol Base",
    "Price": 710.60,
    "Seller": "Betty Ward"
  },
  {
    "Name": "Prostate",
    "Price": 716.05,
    "Seller": "Gloria Alexander"
  },
  {
    "Name": "Pleo Lat",
    "Price": 720.08,
    "Seller": "Fred Barnes"
  },
  {
    "Name": "GOONG SECRET CALMING BATH",
    "Price": 742.47,
    "Seller": "Patricia Fuller"
  },
  {
    "Name": "Warfarin Sodium",
    "Price": 770.05,
    "Seller": "Christine Gomez"
  },
  {
    "Name": "Pollens - Weeds and Garden Plants, Nettle Urtica dioica",
    "Price": 782.77,
    "Seller": "Sandra Riley"
  },
  {
    "Name": "Isosorbide Mononitrate",
    "Price": 789.91,
    "Seller": "Chris Mitchell"
  },
  {
    "Name": "Naproxen",
    "Price": 807.22,
    "Seller": "Kathy Gilbert"
  },
  {
    "Name": "Meloxicam",
    "Price": 809.18,
    "Seller": "Doris Cook"
  },
  {
    "Name": "Clarins Paris Skin Illusion - 114 cappuccino",
    "Price": 811.42,
    "Seller": "Gloria Alexander"
  },
  {
    "Name": "Azithromycin",
    "Price": 813.87,
    "Seller": "Amanda Frazier"
  },
  {
    "Name": "LV-FX",
    "Price": 820.87,
    "Seller": "Christine Gomez"
  },
  {
    "Name": "IOPE SUPER VITAL",
    "Price": 824.68,
    "Seller": " Moreno"
  },
  {
    "Name": "Aquafresh",
    "Price": 849.93,
    "Seller": "Carl Lawson"
  },
  {
    "Name": "RESCRIPTOR",
    "Price": 850.52,
    "Seller": "Chris Mitchell"
  },
  {
    "Name": "Moore Medical Sinus Pain and Pressure Relief",
    "Price": 855.39,
    "Seller": "Christine Gomez"
  },
  {
    "Name": "Shopko Lip Treatment",
    "Price": 861.42,
    "Seller": "Doris Cook"
  },
  {
    "Name": "Perrigo Benzoyl Peroxide",
    "Price": 873.24,
    "Seller": "Emily Parker"
  },
  {
    "Name": "ESIKA",
    "Price": 879.37,
    "Seller": "Jean Henry"
  },
  {
    "Name": "Levothyroxine Sodium",
    "Price": 885.86,
    "Seller": "Jonathan Rodriguez"
  },
  {
    "Name": "EPZICOM",
    "Price": 895.65,
    "Seller": " Stewart"
  },
  {
    "Name": "Myristica Argentum Sinus Relief",
    "Price": 904.52,
    "Seller": " Fox"
  },
  {
    "Name": "Aspirin",
    "Price": 925.45,
    "Seller": "Amanda Frazier"
  },
  {
    "Name": "Ranitidine",
    "Price": 926.64,
    "Seller": "Billy Parker"
  },
  {
    "Name": "Care One Hemorrhoidal",
    "Price": 932.18,
    "Seller": "Amanda Frazier"
  },
  {
    "Name": "Spironolactone",
    "Price": 933.69,
    "Seller": " Fox"
  },
  {
    "Name": "pain relief",
    "Price": 938.23,
    "Seller": "Christine Gomez"
  },
  {
    "Name": "Glipizide and Metformin Hydrochloride",
    "Price": 953.60,
    "Seller": "Fred Allen"
  },
  {
    "Name": "Metformin Hydrochloride",
    "Price": 953.99,
    "Seller": "Brenda Howell"
  },
  {
    "Name": "Homeopathic Rheumatism",
    "Price": 967.08,
    "Seller": "Diana Harvey"
  },
  {
    "Name": "NEO-POLY-BAC HYDRO",
    "Price": 967.32,
    "Seller": "Thomas Snyder"
  },
  {
    "Name": "Clearskin",
    "Price": 968.59,
    "Seller": "Thomas Snyder"
  },
  {
    "Name": "Dawn Ultra Antibacterial Hand",
    "Price": 969.86,
    "Seller": "Betty Ward"
  },
  {
    "Name": "Megestrol Acetate",
    "Price": 976.15,
    "Seller": "Billy Parker"
  },
  {
    "Name": "Smooth texture Orange flavor",
    "Price": 976.65,
    "Seller": "Emily Parker"
  },
  {
    "Name": "Retin-A MICRO",
    "Price": 995.98,
    "Seller": "Jonathan Rodriguez"
  }
]