<products>
  <product>
    <name>TYLENOL COLD MULTI-SYMPTOM DAYTIME</name>
    <price>1010.81</price>
    <buyer>Wanda Harris</buyer>
  </product>
  <product>
    <name>Butalbital, Aspirin and Caffeine</name>
    <price>1010.98</price>
    <buyer>Brandon Fuller</buyer>
  </product>
  <product>
    <name>SEPHORA Acne-Fighting Mattifying Moisturizer</name>
    <price>1019.28</price>
    <buyer>Ann Stevens</buyer>
  </product>
  <product>
    <name>Acetaminophen, Chlorpheniramine Maleate, Dextromethorphan Hydrobromide, Phenylephrine Hydrochloride</name>
    <price>1028.27</price>
    <buyer>Fred Allen</buyer>
  </product>
  <product>
    <name>CVS Therapeutic Menthol Pain Reliever</name>
    <price>1033.42</price>
    <buyer> Schmidt</buyer>
  </product>
  <product>
    <name>Aspen</name>
    <price>1046.46</price>
    <buyer>Jonathan Rodriguez</buyer>
  </product>
  <product>
    <name>Ringers</name>
    <price>1054.37</price>
    <buyer>Fred Barnes</buyer>
  </product>
  <product>
    <name>Acetic Acid</name>
    <price>1060.43</price>
    <buyer>Nicole Harris</buyer>
  </product>
  <product>
    <name>LBEL Couleur Luxe Rouge Amplifier XP amplifying SPF 15</name>
    <price>1069.43</price>
    <buyer>Bonnie Fox</buyer>
  </product>
  <product>
    <name>Growing Pains</name>
    <price>1077.37</price>
    <buyer>Nicole Harris</buyer>
  </product>
  <product>
    <name>up and up temporary minor arthritis pain relief</name>
    <price>1085.78</price>
    <buyer>Jeremy Woods</buyer>
  </product>
  <product>
    <name>Ibuprofen</name>
    <price>1088.04</price>
    <buyer>Anna Clark</buyer>
  </product>
  <product>
    <name>XANTHIUM STRUMARIUM VAR CANADENSE POLLEN</name>
    <price>1091.38</price>
    <buyer> Baker</buyer>
  </product>
  <product>
    <name>ESIKA 3-IN-1 PRO MAKE UP FOUNDATION SPF 20 BASE DE MAQUILLAJE PARA ROSTRO 3-EN-1 PRO FPS 20</name>
    <price>1097.60</price>
    <buyer>Doris Cook</buyer>
  </product>
  <product>
    <name>Head and Shoulders Conditioner</name>
    <price>1099.59</price>
    <buyer>Christina Patterson</buyer>
  </product>
  <product>
    <name>smart sense nighttime cold and flu relief</name>
    <price>1101.77</price>
    <buyer>Clarence Fowler</buyer>
  </product>
  <product>
    <name>PREMIER VALUE ALLERGY</name>
    <price>1127.61</price>
    <buyer>Chris Mitchell</buyer>
  </product>
  <product>
    <name>Lorazepam</name>
    <price>1134.96</price>
    <buyer> Fox</buyer>
  </product>
  <product>
    <name>Laser Block 100</name>
    <price>1135.43</price>
    <buyer>Marie Williamson</buyer>
  </product>
  <product>
    <name>DIPYRIDAMOLE</name>
    <price>1150.67</price>
    <buyer>Betty Lawson</buyer>
  </product>
  <product>
    <name>Flumazenil</name>
    <price>1151.37</price>
    <buyer>Christine Gomez</buyer>
  </product>
  <product>
    <name>Pollens - Trees, Birch Mix</name>
    <price>1153.54</price>
    <buyer>Bonnie Fox</buyer>
  </product>
  <product>
    <name>Americaine</name>
    <price>1165.75</price>
    <buyer>Bonnie Fox</buyer>
  </product>
  <product>
    <name>leader pain reliever</name>
    <price>1179.79</price>
    <buyer>Diana Harvey</buyer>
  </product>
  <product>
    <name>Benazepril Hydrochloride and Hydrochlorothiazide</name>
    <price>1187.27</price>
    <buyer>Betty Ward</buyer>
  </product>
  <product>
    <name>Nighttime Sleep Aid</name>
    <price>1217.11</price>
    <buyer>Sarah Day</buyer>
  </product>
  <product>
    <name>Aspergillus repens</name>
    <price>1231.42</price>
    <buyer> Schmidt</buyer>
  </product>
  <product>
    <name>Ondansetron</name>
    <price>1249.76</price>
    <buyer>Doris Cook</buyer>
  </product>
  <product>
    <name>XtraCare Foam Antibacterial Hand Wash</name>
    <price>1251.97</price>
    <buyer>Gloria Alexander</buyer>
  </product>
  <product>
    <name>IOPE RETIGEN MOISTURE TWIN CAKE NO.21</name>
    <price>1257.71</price>
    <buyer> Harrison</buyer>
  </product>
  <product>
    <name>Topex</name>
    <price>1258.49</price>
    <buyer>Sarah Day</buyer>
  </product>
  <product>
    <name>SUMATRIPTAN SUCCINATE</name>
    <price>1265.94</price>
    <buyer>Gloria Alexander</buyer>
  </product>
  <product>
    <name>Prednisone</name>
    <price>1285.99</price>
    <buyer>Clarence Fowler</buyer>
  </product>
  <product>
    <name>VITALUMIERE AQUA</name>
    <price>1293.09</price>
    <buyer>Doris Cook</buyer>
  </product>
  <product>
    <name>MEDI-FIRST Non-Aspirin</name>
    <price>1301.28</price>
    <buyer>Brandon Fuller</buyer>
  </product>
  <product>
    <name>Cefadroxil</name>
    <price>1302.20</price>
    <buyer>Arthur Reynolds</buyer>
  </product>
  <product>
    <name>Zonisamide</name>
    <price>1305.41</price>
    <buyer> Mitchell</buyer>
  </product>
  <product>
    <name>Ibuprofen</name>
    <price>1305.96</price>
    <buyer>Gloria Alexander</buyer>
  </product>
  <product>
    <name>Hydralazine Hydrochloride</name>
    <price>1309.72</price>
    <buyer>Chris Mitchell</buyer>
  </product>
  <product>
    <name>Fosphenytoin Sodium</name>
    <price>1334.06</price>
    <buyer>Brenda Howell</buyer>
  </product>
  <product>
    <name>Labetalol Hydrochloride</name>
    <price>1345.11</price>
    <buyer>Brenda Howell</buyer>
  </product>
  <product>
    <name>Leg Cramp Relief</name>
    <price>1345.69</price>
    <buyer>Diana Harvey</buyer>
  </product>
  <product>
    <name>MEDICATED DANDRUFF</name>
    <price>1351.02</price>
    <buyer>Billy Parker</buyer>
  </product>
  <product>
    <name>PCA SKIN ACNE</name>
    <price>1356.22</price>
    <buyer>Sarah Day</buyer>
  </product>
  <product>
    <name>EMEND</name>
    <price>1365.51</price>
    <buyer> Lawson</buyer>
  </product>
  <product>
    <name>Nevirapine</name>
    <price>1374.72</price>
    <buyer> Cunningham</buyer>
  </product>
  <product>
    <name>Warfarin Sodium</name>
    <price>1379.79</price>
    <buyer>Jeremy Woods</buyer>
  </product>
  <product>
    <name>Wintergreen Isopropyl Alcohol</name>
    <price>1397.57</price>
    <buyer>Jennifer Riley</buyer>
  </product>
  <product>
    <name>Metoprolol Tartrate</name>
    <price>1405.74</price>
    <buyer> Bennett</buyer>
  </product>
  <product>
    <name>Triamterene and Hydrochlorothiazide</name>
    <price>1416.59</price>
    <buyer>Carl Daniels</buyer>
  </product>
  <product>
    <name>Effervescent Cold Relief</name>
    <price>1436.07</price>
    <buyer>Bonnie Fox</buyer>
  </product>
  <product>
    <name>Etodolac</name>
    <price>1443.13</price>
    <buyer> Schmidt</buyer>
  </product>
  <product>
    <name>Acid Reducer</name>
    <price>1443.51</price>
    <buyer>Carl Daniels</buyer>
  </product>
  <product>
    <name>smart sense nicotine</name>
    <price>1444.12</price>
    <buyer> Harrison</buyer>
  </product>
  <product>
    <name>Amitriptyline Hydrochloride</name>
    <price>1453.96</price>
    <buyer>Fred Barnes</buyer>
  </product>
  <product>
    <name>Treatment Set TS336667</name>
    <price>1466.47</price>
    <buyer>Joshua Murray</buyer>
  </product>
  <product>
    <name>GEMCITABINE</name>
    <price>1468.11</price>
    <buyer> Mitchell</buyer>
  </product>
  <product>
    <name>Glycopyrrolate</name>
    <price>1471.43</price>
    <buyer>Christine Gomez</buyer>
  </product>
  <product>
    <name>cough and sore throat</name>
    <price>1482.68</price>
    <buyer>Jeremy Woods</buyer>
  </product>
  <product>
    <name>Etoposide</name>
    <price>1483.96</price>
    <buyer>Christina Patterson</buyer>
  </product>
  <product>
    <name>Alcohol Free Antiseptic</name>
    <price>1486.07</price>
    <buyer>Gary Stevens</buyer>
  </product>
  <product>
    <name>Budpak Hemorrhoid Anesthetic</name>
    <price>1499.29</price>
    <buyer>Jonathan Rodriguez</buyer>
  </product>
</products>